Date (America/New_York),Practice set,Track,Question,Topic,Result
2026-08-08,network-ipv4,Networking foundation,1,DNS,Incorrect
2026-08-08,network-ipv4,Networking foundation,2,DNS troubleshooting,Correct
2026-08-08,network-ipv4,Networking foundation,3,DHCP,Incorrect
2026-08-08,network-ipv4,Networking foundation,4,DHCP reinforcement,Correct
2026-08-08,network-ipv4,Networking foundation,5,ARP,Correct
2026-08-08,network-ipv4,Networking foundation,6,IP and MAC OSI layers,Incorrect
2026-08-09,network-ipv4,Networking foundation,7,Switching,Correct
2026-08-09,network-ipv4,Networking foundation,8,Routing,Correct
2026-08-09,network-ipv4,Networking foundation,9,Default gateway,Correct
2026-08-09,network-ipv4,Networking foundation,10,Missing gateway,Correct
2026-08-09,network-ipv4,Networking foundation,11,Local vs remote subnet,Correct
2026-08-09,network-ipv4,Networking foundation,12,IPv4 /24,Correct
2026-08-09,network-ipv4,Networking foundation,13,IPv4 multiple hosts,Correct
2026-08-09,network-ipv4,Networking foundation,14,IPv4 bit length,Incorrect
2026-08-09,network-ipv4,Networking foundation,15,Host bits,Correct
2026-08-09,network-ipv4,Networking foundation,16,Subnet masks,Correct
2026-08-09,network-ipv4,Networking foundation,17,IPv4 /16,Correct
2026-08-09,network-ipv4,Networking foundation,18,IPv4 /8,Correct
2026-08-09,network-ipv4,Networking foundation,19,Three subnet matches,Correct
2026-08-09,network-ipv4,Networking foundation,20,Network address,Incorrect
2026-08-09,network-ipv4,Networking foundation,21,Broadcast address,Correct
2026-08-09,network-ipv4,Networking foundation,22,Valid host address,Incorrect
2026-08-11,network-ipv6,Networking foundation,1,IPv6 /64 subnet,Incorrect
2026-08-11,network-ipv6,Networking foundation,2,IPv6 subnet reinforcement,Correct
2026-08-11,network-ipv6,Networking foundation,3,NDP vs ARP,Correct
2026-08-11,network-ipv6,Networking foundation,4,IPv6 compression,Correct
2026-08-11,network-ipv6,Networking foundation,5,IPv6 expansion,Correct
2026-08-11,network-ipv6,Networking foundation,6,IPv6 loopback,Incorrect
2026-08-11,network-ipv6,Networking foundation,7,Loopback test,Correct
2026-08-11,network-ipv6,Networking foundation,8,Link-local address,Correct
2026-08-11,network-ipv6,Networking foundation,9,Link-local scope,Correct
2026-08-11,network-ipv6,Networking foundation,10,Global unicast example,Correct
2026-08-11,network-ipv6,Networking foundation,11,Unicast,Correct
2026-08-11,network-ipv6,Networking foundation,12,Multicast,Correct
2026-08-11,network-ipv6,Networking foundation,13,IPv6 troubleshooting,Correct
2026-08-11,network-ipv6,Networking foundation,14,Routing OSI layer,Correct
2026-08-11,network-ipv6,Networking foundation,15,TCP/UDP OSI layer,Correct
2026-08-12,network-ipv6,Networking foundation,16,Blocked TCP 443,Correct
2026-08-12,network-ipv6,Networking foundation,17,Physical OSI layer,Correct
2026-08-12,network-ipv6,Networking foundation,18,Switch OSI layer,Correct
2026-08-12,network-ipv6,Networking foundation,19,Gateway OSI layer,Correct
2026-08-12,network-ipv6,Networking foundation,20,DNS troubleshooting,Correct
2026-08-12,security-domain1,Security+,1,Confidentiality,Correct
2026-08-13,security-domain1,Security+,2,Integrity,Correct
2026-08-13,security-domain1,Security+,3,Availability,Correct
2026-08-13,security-domain1,Security+,4,Authentication vs authorization,Correct
2026-08-13,security-domain1,Security+,5,Accounting,Correct
2026-08-13,security-domain1,Security+,6,MFA,Correct
2026-08-13,security-domain1,Security+,7,MFA factor categories,Correct
2026-08-13,security-domain1,Security+,8,Least privilege,Correct
2026-08-13,security-domain1,Security+,9,Separation of duties,Correct
2026-08-14,security-domain1,Security+,10,Change management,Incorrect
2026-08-14,security-domain1,Security+,11,Risk acceptance,Incorrect
2026-08-14,security-domain1,Security+,12,Risk transfer,Correct
2026-08-14,security-domain1,Security+,13,Risk mitigation,Correct
2026-08-15,security-domain1,Security+,14,Risk avoidance,Correct
2026-08-15,security-domain1,Security+,15,Privileged accounts,Correct
2026-08-15,security-domain1,Security+,16,Dual approval,Correct
2026-08-15,security-domain1,Security+,17,Non-repudiation,Correct
2026-08-15,security-domain1,Security+,18,Digital signature integrity,Correct
2026-08-15,security-domain1,Security+,19,Zero Trust,Correct
2026-08-15,security-domain1,Security+,20,Honeypot,Correct
2026-09-06,fundamentals-2026-09-06,Security+,1,Least privilege,Correct
2026-09-06,fundamentals-2026-09-06,Security+,2,On-path attack,Correct
2026-09-06,fundamentals-2026-09-06,Security+,3,Replay attack,Incorrect
2026-09-06,fundamentals-2026-09-06,Security+,4,Credential stuffing,Correct
2026-09-06,fundamentals-2026-09-06,Security+,5,Password spraying,Correct
2026-09-06,fundamentals-2026-09-06,Security+,6,Encryption,Correct
2026-09-06,fundamentals-2026-09-06,Security+,7,Hash value,Incorrect
2026-09-06,fundamentals-2026-09-06,Security+,8,MFA,Correct
2026-09-06,fundamentals-2026-09-06,Security+,9,Non-repudiation,Correct
2026-09-06,fundamentals-2026-09-06,Security+,10,Hashing,Incorrect
2026-09-06,threats-2026-09-06,Security+,1,Business email compromise,Correct
2026-09-06,threats-2026-09-06,Security+,2,Vishing,Correct
2026-09-06,threats-2026-09-06,Security+,3,Baiting,Correct
2026-09-06,threats-2026-09-06,Security+,4,Pretexting,Incorrect
2026-09-06,threats-2026-09-06,Security+,5,Typosquatting,Incorrect
2026-09-06,threats-2026-09-06,Security+,6,Smishing,Correct
2026-09-06,threats-2026-09-06,Security+,7,Pharming,Correct
2026-09-06,threats-2026-09-06,Security+,8,Tailgating,Correct
2026-09-06,threats-2026-09-06,Security+,9,Spear phishing,Correct
2026-09-06,threats-2026-09-06,Security+,10,Impersonation,Correct
2026-09-06,vulnerabilities-2026-09-06,Security+,1,SQL injection,Correct
2026-09-06,vulnerabilities-2026-09-06,Security+,2,XSS,Correct
2026-09-06,vulnerabilities-2026-09-06,Security+,3,Directory traversal,Correct
2026-09-06,vulnerabilities-2026-09-06,Security+,4,Buffer overflow,Correct
2026-09-06,vulnerabilities-2026-09-06,Security+,5,Race condition,Correct
2026-09-06,vulnerabilities-2026-09-06,Security+,6,Input validation,Correct
2026-09-06,vulnerabilities-2026-09-06,Security+,7,Zero-day vulnerability,Correct
2026-09-06,vulnerabilities-2026-09-06,Security+,8,Misconfiguration,Correct
2026-09-06,vulnerabilities-2026-09-06,Security+,9,Unpatched software,Correct
2026-09-06,vulnerabilities-2026-09-06,Security+,10,Broken access control,Correct
2026-09-06,controls-2026-09-06,Security+,1,Operational controls,Incorrect
2026-09-06,controls-2026-09-06,Security+,2,Physical controls,Correct
2026-09-06,controls-2026-09-06,Security+,3,Deterrent controls,Incorrect
2026-09-06,controls-2026-09-06,Security+,4,Preventive controls,Correct
2026-09-06,controls-2026-09-06,Security+,5,Detective controls,Correct
2026-09-06,controls-2026-09-06,Security+,6,Corrective controls,Correct
2026-09-06,controls-2026-09-06,Security+,7,Compensating controls,Correct
2026-09-06,controls-2026-09-06,Security+,8,Directive controls,Correct
2026-09-06,controls-2026-09-06,Security+,9,Defense in depth,Correct
2026-09-06,controls-2026-09-06,Security+,10,Managerial controls,Correct
2026-09-09,review-2026-09-09,Security+,1,MFA blocks stolen password,Correct
2026-09-09,review-2026-09-09,Security+,2,Spear phishing,Correct
2026-09-09,review-2026-09-09,Security+,3,Brute force vs password spraying,Incorrect
2026-09-09,review-2026-09-09,Security+,4,Fingerprint plus PIN,Correct
2026-09-09,review-2026-09-09,Security+,5,Vishing,Correct
2026-09-14,signs-of-attacks-2026-09-14-round-1,Security+,1,Worm,Correct
2026-09-14,signs-of-attacks-2026-09-14-round-1,Security+,2,Trojan,Correct
2026-09-14,signs-of-attacks-2026-09-14-round-1,Security+,3,Logic bomb,Incorrect
2026-09-14,signs-of-attacks-2026-09-14-round-1,Security+,4,Keylogger,Correct
2026-09-14,signs-of-attacks-2026-09-14-round-1,Security+,5,Ransomware,Correct
2026-09-14,signs-of-attacks-2026-09-14-round-1,Security+,6,Rootkit,Correct
2026-09-14,signs-of-attacks-2026-09-14-round-1,Security+,7,Virus,Correct
2026-09-14,signs-of-attacks-2026-09-14-round-1,Security+,8,Spyware,Correct
2026-09-14,signs-of-attacks-2026-09-14-round-1,Security+,9,Cryptojacking,Correct
2026-09-14,signs-of-attacks-2026-09-14-round-1,Security+,10,Logic bomb,Correct
2026-09-14,signs-of-attacks-2026-09-14-round-2,Security+,1,Macro virus,Correct
2026-09-14,signs-of-attacks-2026-09-14-round-2,Security+,2,Rootkit,Correct
2026-09-14,signs-of-attacks-2026-09-14-round-2,Security+,3,Spyware,Correct
2026-09-14,signs-of-attacks-2026-09-14-round-2,Security+,4,Isolate infected servers,Correct
2026-09-14,signs-of-attacks-2026-09-14-round-2,Security+,5,Conditional trigger,Correct
2026-09-14,signs-of-attacks-2026-09-14-round-2,Security+,6,Trojan delivering ransomware,Correct
2026-09-14,signs-of-attacks-2026-09-14-round-2,Security+,7,Behavior-based detection,Correct
2026-09-14,signs-of-attacks-2026-09-14-round-2,Security+,8,Recording individual keystrokes,Incorrect
2026-09-14,signs-of-attacks-2026-09-14-round-2,Security+,9,Double extortion,Correct
2026-09-14,signs-of-attacks-2026-09-14-round-2,Security+,10,Autonomous spread,Correct
2026-09-28,cryptography-2026-09-29,Security+,1,Confidentiality,Correct
2026-09-28,cryptography-2026-09-29,Security+,2,Cryptanalysis,Correct
2026-09-28,cryptography-2026-09-29,Security+,3,Cryptography and availability,Correct
2026-09-28,cryptography-2026-09-29,Security+,4,Key secrecy vs encoding,Incorrect
2026-09-28,cryptography-2026-09-29,Security+,5,Block vs stream ciphers,Correct
2026-09-28,cryptography-2026-09-29,Security+,6,Substitution vs transposition,Incorrect
2026-09-28,cryptography-2026-09-29,Security+,7,Symmetric encryption,Correct
2026-09-28,cryptography-2026-09-29,Security+,8,AES,Correct
2026-09-28,cryptography-2026-09-29,Security+,9,Shared-key distribution,Correct
2026-09-28,cryptography-2026-09-29,Security+,10,Public-key encryption,Correct
2026-09-29,cryptography-2026-09-29,Security+,11,Diffie-Hellman,Incorrect
2026-09-29,cryptography-2026-09-29,Security+,12,ECC,Correct
2026-09-29,cryptography-2026-09-29,Security+,13,Hybrid cryptography,Correct
2026-09-29,cryptography-2026-09-29,Security+,14,Hash integrity check,Correct
2026-09-29,cryptography-2026-09-29,Security+,15,Avalanche effect,Correct
2026-09-29,cryptography-2026-09-29,Security+,16,Hash collision,Correct
2026-09-29,cryptography-2026-09-29,Security+,17,SHA-256,Correct
2026-09-29,cryptography-2026-09-29,Security+,18,Digital signature keys,Correct
2026-09-29,cryptography-2026-09-29,Security+,19,Signature confidentiality limits,Correct
2026-09-29,cryptography-2026-09-29,Security+,20,PKI,Correct
2026-09-29,cryptography-2026-09-29,Security+,21,TLS,Correct
2026-09-29,cryptography-2026-09-29,Security+,22,CSR and private keys,Correct
2026-09-29,cryptography-2026-09-29,Security+,23,CA vs RA,Correct
2026-09-29,cryptography-2026-09-29,Security+,24,X.509 certificates,Correct
2026-09-29,cryptography-2026-09-29,Security+,25,Wildcard certificates,Correct
2026-09-29,cryptography-2026-09-29,Security+,26,Self-signed certificates,Correct
2026-09-29,cryptography-2026-09-29,Security+,27,Offline root CA,Correct
2026-09-29,cryptography-2026-09-29,Security+,28,Compromised certificate revocation,Correct
2026-09-29,cryptography-2026-09-29,Security+,29,CRL vs OCSP,Correct
2026-09-29,cryptography-2026-09-29,Security+,30,Public-key pinning,Correct
2026-09-29,cryptography-2026-09-29,Security+,31,Steganography,Correct
2026-09-29,cryptography-2026-09-29,Security+,32,Blockchain integrity,Correct
2026-09-29,cryptography-2026-09-29,Security+,33,Password salting,Correct
2026-09-29,cryptography-2026-09-29,Security+,34,Tokenization,Correct
2026-09-29,cryptography-2026-09-29,Security+,35,Key escrow,Correct
